text,is_right
Research finish stop account standard force,False
Spend fight child whom scene,False
Lead instead such career,False
Much free again plant fly,True
Successful material again indicate prepare through,True
Black join rate article wait message happen point,False
Recently power big official on war generation,False
Suddenly west each Democrat many week medical,False
Industry certain range better treat,False
Manage it but sign yourself wall for,False
Current always hard hand five ability science,True
Put finish radio,False
Church debate possible charge why these,False
Open result you charge argue,False
Appear then difficult Mr woman,True
Take from other watch,False
Including water first occur today might,True
None boy someone option month sure low,False
Crime would whatever four,False
Letter modern care upon record song question,False
Choice service nor institution activity baby Congress,False
Garden family everything account,False
Hold then outside unit public effort really,False
Exist democratic course can bag star,True
Activity need whole politics him,False
Could population necessary whose,False
Finally write field its,True
Yes blue evening move bed,False
Visit never response,False
While gas nearly test provide,False
Opportunity attack detail catch,True
Opportunity peace house nearly reduce tough,False
Parent reduce a major beat else though,False
Bank stay product subject lead east arm,True
Now threat use we require other dream,False
Everybody get population structure,False
New various mother local professional cost,False
Yeah all can phone,False
Loss will score,True
Deep side gun area,False
Strong gun teach television,False
Town remain something exist affect whether fund owner,False
Among easy education value south hour cost,True
My performance very summer moment behavior floor,False
Maybe wife mother large plan as production past,True
Finally us four job per situation,False
Bed great choose compare test today again if,False
Involve however common several anyone rather society,False
Should ability difficult because prepare however,False
Century travel whole Republican against sense,True
Heart short western back leave why environmental behind,False
Pm reduce capital push ready pattern discuss occur,False
Kind suffer travel expect,True
Campaign health animal,False
Individual drive board,False
Key rise rule article,False
Stuff around idea enter court draw,False
Direction director nation trouble perform maybe dinner child,False
Sign senior moment evidence,False
Meeting seem during leader on travel rich,True
Pass food line option mean resource dog,False
More green run interview evening,True
Serve role because what must machine,False
Common and foreign anyone fire everything federal,False
Compare just address me inside attack foreign a,False
Source design join language suddenly cell international,False
Tree camera because box area maybe level,False
Degree accept reveal south majority season,True
Trade around what you responsibility something,False
Accept ball east environmental whatever form,False
Stand attention rest truth operation,True
Try cause treat million green at,False
Property common wait run throw term,False
Build ready military scientist school,False
Along shoulder old tend,True
Anything under someone final student community political,False
Tax however culture recognize hundred,False
There usually technology hard want likely,False
Report yes admit summer toward fly against,False
Protect sign skin,True
Raise night us full course usually,False
Major dark site bank candidate south,False
More she action add case ball sure,True
Speech race statement bag,False
Head provide daughter as organization total meet serious,False
Good training upon far,False
Show party artist forward attention leader,True
Room than purpose bank summer student us,False
Big score stand interesting available,False
Recent pressure into send herself thank,False
Structure per my discover draw history base throw,False
Serious specific few herself,True
Season inside camera order stage if,True
Story lead age at produce soldier behind,False
Before interesting sport,False
Game understand within system worry,False
Item per member whatever,False
Case international population hour gas at scene store,False
Mr eat take be,False
Attack defense media partner its customer interesting,True
Truth such opportunity occur sea girl,True
Human challenge federal sort,False
During wall population describe,False
Care reveal hundred thousand old,False
Seem character act author parent method front most,False
While central lot church,False
Detail really such ago serve yard religious,False
Magazine type bed present pressure reason probably,True
Long nearly very by join finally cup,True
Both more record plant two,False
Expect system fly new,False
Imagine alone operation much free,False
Card make house Democrat three,False
Sense religious positive care,False
Range current live surface woman fact do camera,True
Training religious card entire this continue anything,False
Teach common lawyer ability,True
Form general conference affect along easy push,False
Alone late level dinner,False
Customer then true modern husband,False
Choose part up current,False
Couple happen bar issue receive teach,False
For store put,True
Professor guy ready nor tend culture,False
Military situation fear,False
Movement room account huge trade culture commercial system,True
Control someone consumer moment color meet travel,False
Public voice word herself southern pretty significant,False
Mission two together student animal Congress,True
Thousand test tonight step,False
Ahead late close article community cut them,False
Set adult guess son method still,False
Only along tonight industry natural instead office item,False
Contain here institution finally parent space black,False
Avoid have large,True
Will leave whole many industry,False
About green area discuss,True
Speech painting sit clearly,False
Have whom decade these prepare it look manager,False
Democrat event bring first firm sense,False
Indeed military oil maybe authority table firm,False
Health appear town,False
Few compare worry until table avoid,True
Author traditional any whole,False
Trade entire market about everybody less he,True
Me marriage why within sing board,False
Risk name wall me,False
Class reason never group,False
Meet west owner still ago heart,False
Goal major push goal land culture,False
Public half themselves first other threat physical,True
Glass story past approach degree hour,False
With like material discussion friend lot evening,False
Wait note outside born continue pass,False
Common movie me significant all power walk,False
Sit life raise husband,True
Focus business why wrong only leave,False
Box cell manager system performance feeling newspaper,True
Heavy direction he art design,False
Suddenly to without executive,False
Impact seek stage establish,False
Base pressure question race wind past,True
Night buy modern allow,False
Use start production go step chair hot,False
Stage hot describe manage today east prove,True
Drug expert special fight treatment partner serious,False
Pressure southern another ok,False
Simple live board compare,False
Yes trial sign wind ball per thousand,True
Break there sure to institution only fly,False
Professional provide identify seat,False
Morning total notice scene,False
Huge change nice hard bit him none model,True
Dinner energy machine light run material pattern,False
American seek treatment,False
Possible late line this,False
Cover center sense central,False
Test itself role,False
Account system page,True
Avoid stuff read democratic energy,False
Particularly fish other among catch firm,True
Star senior point police story pass spend,False
Shake professor threat,False
Play guy he modern response close Democrat,False
Reveal particularly poor onto tax determine run,True
Responsibility owner candidate ability cover build,False
Then need board company,False
Ok receive condition music science,False
Voice can officer middle hold main vote,True
Sell up land pass she work,False
Type us deal long challenge compare decision,False
Exist whole let sound sometimes spend news yes,False
Participant step believe force,False
Finally each your,True
Method truth edge view fine,False
Them dark perhaps above skin always,False
Soon suggest building term,False
Girl child go space it body,False
Simple fish book resource specific,True
Participant western partner sing difference action catch,False
Attention name yard image law success development,False
More force note in,False
Cost official wonder simple,False
Quality eight learn first decision boy,True
Significant world enough charge role ability month,True
Throughout bad remain citizen soldier,False
Rest month standard let church sign success beat,False
Opportunity trial man offer manager range recent,False
Under success long message recent,False
Floor allow bank detail that increase image bad,True
Floor wall present assume early move population,False
Until us social effect hear speak idea,False
Staff low fly have,True
General sense beyond main property after,False
Should may final agreement those,False
Audience become report join dark,False
Answer long low sound pass structure five,False
Most smile low his,False
Special involve may security population campaign father,False
War hard newspaper those,True
Phone everybody change if country happy decision improve,False
Relationship keep light impact serious,False
Grow eye similar upon certainly production learn,True
Fact husband increase crime,False
Political really determine main issue air wall carry,False
Couple new should include someone,False
Ago husband reach debate hard item,True
Against friend tough firm wrong fund necessary,False
Wait all sort much,True
Range night improve,False
House drug dream worker nice guess note,False
Term if remember offer base pull,False
Fight candidate miss eight voice foot suffer,False
Actually family include unit could skin theory,True
Wear stop someone,False
Dinner care little find,False
Tough role phone true,True
Allow concern throughout maybe,False
Crime teacher simply country two avoid both above,False
Piece floor defense,False
Onto receive behind inside Congress,True
Final nice change unit last cause forget,False
Before week democratic national leave but,False
Size sometimes rock read,False
Position region find provide international perhaps nor there,False
For write trial war approach,False
City crime road recently box entire condition,True
Hit town example sell,False
Manage ahead product agree,True
Mrs benefit important foot yourself,False
Opportunity month same region police order election,False
Career feel manage bad,False
Necessary rise run ten make,False
Blood wonder sea music although,True
Until senior like shake,False
Significant agree gun wife perhaps daughter west,False
Know language up he,False
Response political physical lot six might sometimes,False
Pressure use popular ask,True
Young describe base already experience,False
People since point on meet spring option,False
Him bring foot number increase,False
Training step hundred how type,True
Physical form upon,False
Box break if actually black,False
Plant ability know war section mother,False
Than of his camera policy day thousand,False
Plant example life husband themselves box,True
Listen decade ten,False
Make yourself force we ever easy break,True
Walk discover house light especially sell paper,False
Last key table look themselves best health blue,False
Most exactly quite support area activity produce hold,True
End authority study job face,False
Party tax morning east herself,False
Feel dinner medical standard result four fire,False
Important TV always behavior start cold,False
Whatever car figure task answer performance ahead,True
Standard across term bed reveal social appear,False
Develop open degree free site keep step surface,False
Treatment join increase nothing from data stand,False
Respond their lawyer three mention responsibility,True
Risk say soldier evening scientist size,False
Through summer money majority budget them maintain,False
Mrs person for picture bring,False
Three answer make window so catch mind,False
Take card finish age operation arm cultural nation,True
Recognize sometimes fact focus level station be,False
Chair hit get fight,False
Rest instead education show,True
Avoid case nothing how help,False
How according effort pull human in risk,False
Defense step none writer,False
Pressure game fast feel,True
Lot whether thing,False
From get attention recently respond per,False
Matter series nature task film whatever,False
Fine whose page exactly,False
West easy small after,False
Where suffer prepare skill,True
Computer dark scientist result,True
Home administration enjoy sometimes produce,False
Amount lead beyond eye fish read,False
Cause ahead both game,False
Benefit per story thousand child very,True
Soldier computer half through citizen story meeting,False
Wonder order heavy,False
Scene few level art sound,False
Operation per whose suggest music without,True
Kid think occur kitchen,False
Cell might house technology food door manage,False
Whether sometimes his itself movie,False
Kid while rather team,True
Friend garden everything about TV,False
Stage play act especially I,False
Detail me section painting model institution,False
Plant sport sea since thought operation data,False
Task understand car film reason,False
Market far hit wish,False
He resource through ball professional,True
Major environmental development,True
Fast best cultural ability have change,False
Important base brother throughout century watch college,False
Price stage how population,False
Economy future already prove budget middle,False
Beat strategy six value,False
Letter here grow reach guy matter,True
Wish fact surface attack address word,False
Pull real evidence financial,True
Fight drug her trouble employee,False
Option turn interview send weight,False
Speech black foreign add,False
Ready likely son response,True
Any left organization network be red arrive,False
Agree put movie west way although show,False
Ok participant artist newspaper maybe play money,False
Recognize local your set,True
Challenge best film baby,False
Themselves cultural call social institution,False
Eye member attention feeling,False
Window without probably bit huge,False
Although resource race my,False
Play indeed our lay too,False
Whose history tend treatment action design bring,True
Human especially him simply stand show,False
Born movie head,False
Image second business gas,False
First major land feel project expect his,True
Cell voice theory moment laugh sing,False
Think civil put manager,True
Important building financial war,False
Require herself sign artist early last central,False
Finally sister generation who agreement,False
Catch each ten artist population site language provide,False
Economy what surface right majority office writer,True
Water left structure party,False
Financial his near different article detail alone accept,False
Black phone father remain eight,False
Wall recent yet fire practice,False
Same popular young trade focus son,True
All read eat them say,False
Establish show stock quite education past,False
Time activity from ask these value often,False
Often story create describe these service,True
Game follow no decide billion among training,False
Majority bag white list why very nor with,True
Once act pull much how cold,False
Control size with operation bit,False
Entire with pull,False
Represent reveal sense family travel simply,True
Simple father example provide country government property,False
Bed rate little former,False
Decade itself institution course sometimes,False
Gas throw plant eye political,False
But project region nor,True
Husband institution cut avoid serve what,False
Student note road hand result,False
International people instead theory art movie as,False
Purpose dinner drop capital market able heavy sure,False
Personal majority share single,True
International all expect,False
Rock tonight Republican training,False
Pick billion light though protect culture research,False
Institution effect interesting maybe,True
Wall several although notice,False
Place yes role raise,True
War in vote tend always focus,False
Rate experience wind probably agree exactly,False
To chair community threat,True
Yeah collection condition one drop decade,False
Result garden smile set son,False
Kind never its season,False
Several huge minute fight,False
Sense left feeling personal can strong,False
Surface start spend make company seven,True
End participant ground world turn again,False
Floor could amount page expect interesting friend always,False
Form mind improve authority,False
Pretty item peace lot,True
Hand can mother never themselves,False
Operation choose past head one,True
Seven especially real memory space,False
Hit student happen note,False
Increase me near,False
Certain approach certainly clear real woman close discover,False
Race piece about price red,False
Work blue good company worry,True
Candidate process poor per I senior same history,False
What clear land partner physical wind boy instead,True
Campaign place significant bed should car,False
News crime plant third task walk,False
The treat staff interesting,False
Ahead traditional bag pattern,False
Strategy break young stage country like,True
Challenge where early particular that none board,False
Themselves choice bar discussion,False
Law memory language,False
Pretty left push night bit,False
Lead animal sit student real clearly day manage,True
Realize today pay black author us officer,False
Support whole attorney find war positive,False
Leader eat truth unit,False
Process marriage city Mr society quite there,False
Listen reach adult challenge east official western,True
Contain else keep hear north,True
Economic street three president political,False
Stay wish all management future wife over,False
Option late reason vote event change memory,False
Risk station gas bill record,True
Rock interview run approach even street center,False
Whatever on tonight science case whom,False
Fear scientist upon when success,False
Type against either condition,False
Fact morning maintain go room,False
Theory put next,True
Position growth real most level Democrat,False
Stay truth capital behavior that,False
Note common six foot can yourself,False
Treatment exactly scientist,True
Significant pick century director rather pick get,False
Economic have decade kind,False
What may small feeling administration against,False
Across skill write civil information per,True
However customer author face,False
Major bit during memory,True
Outside gas control,False
Account seem have act question much,False
Likely line hundred pretty,False
Ball son decide could throw its especially,False
Field spring site wrong realize,False
Behavior those man top summer,False
Ok newspaper religious school again recent,True
Student cup least north,False
Follow result tree difficult,False
South class their rather official,False
Season source save,True
Close fast international again mouth within mean,False
Kid Mr attorney often medical generation western,True
Staff rule scientist identify,False
Finally again perhaps threat,False
Box real kid protect when,False
Change increase job including early field create,True
Figure indeed see among,False
Think attorney source,False
Wonder authority few huge prove at girl control,True
Year anyone plant conference protect,False
Itself community phone give eight drop,False
Find little population clear star major situation,False
As alone evening moment,False
Or choose risk brother wonder too,True
Want article accept price idea after,False
Ten idea stand point ask,False
Company interest entire resource bar firm,True
Cell opportunity whatever address fast employee yet natural,False
Vote or expert analysis seem real compare,False
Anything middle down ready,False
She current eight contain rise begin,False
One black wish beautiful,True
Serious likely best Republican agreement deal lawyer,False
Rock audience option arm,False
Still probably alone foot war,True
Culture family say movement,False
Chance surface hospital,False
Make avoid nice Democrat,False
Office affect continue its,False
Economic measure civil add ok school,False
Mind wife across catch place need,True
Election movie other loss always hour,False
Open someone heart cultural,False
Gun run dark push argue mind officer other,False
Service avoid could least hear,True
Tv soldier mission section author address box,False
Sense water participant approach rich event,False
Fish keep where,True
Again baby policy know significant much business sometimes,False
Loss product culture form,False
College successful next smile,False
Court sell big president less system amount,True
Television attack long administration,False
Lead scientist again audience,False
Us spend career east item because yes,False
Official real court,True
Interesting war step money standard painting,False
Mr area old subject,False
Ask professor professional trouble natural with,False
Either statement anyone compare add main sister,True
Recognize choose thousand final,False
Prepare director three quite development,False
Fight seven road enough worry,True
Hard several common,False
Add picture price along consider man similar again,False
View happy model tough take produce,False
Little might hour,False
Teach whom better,False
Organization enjoy become degree,True
Late you name field force hour growth window,False
Energy music evening visit travel,True
Research price couple new explain throughout politics person,False
Employee stop group town too,False
Memory paper nature be wear may,False
Card present whose least source today,False
Customer study friend how go,False
Determine service officer party piece,True
Interesting performance month develop politics cost,False
Mention plan admit such trade easy where,False
Executive probably year,False
Evidence day think defense performance grow,True
Art professional street meet avoid relationship half,False
Check important tax speak generation,True
Exactly read population stop voice,False
Debate before perform ever message PM,False
Down continue either cell medical despite,False
Value space according laugh American impact,False
Miss compare these these Mrs,False
Blood a suddenly service candidate attorney court,True
Strategy your management,False
Wonder conference business six sing Mrs,False
Drug democratic world could model news well,False
Something reason sense call open name,True
Order without home know hit expect,False
Film tree stay chair debate,False
Specific he job discussion deep meeting today,False
Identify degree continue,False
Statement black morning wife,True
Professor response collection,False
World guess ever feeling,False
Center rise drug,True
Air those best air instead head,False
Number ask media wait must,False
North fill black save beyond Congress event too,False
Short every boy have will enjoy beautiful relationship,True
Bad challenge Mr method,False
Institution safe boy age computer,False
Person determine character care wide detail,False
Fast mention continue she wonder ability eye,False
South court first far,True
Near also choose stop,True
It clearly difference history,False
Nice stand recently should,False
When before artist none place face skin,False
Inside grow I president top base,False
Focus per language why even pay,True
Current finish travel Congress become,False
Visit front participant executive student side rule,False
Challenge word act summer,False
Significant moment newspaper get,False
Treat option anything successful theory,True
Couple off prepare actually health treatment pattern college,False
Baby ready carry popular condition,False
Myself physical large whether,False
Right Congress social up interest seem face,True
Before yard positive his public hit respond,False
Environment day might mother two seem all,True
War audience ball threat contain probably should coach,False
Report account Mrs,False
Happy eight site indeed become pay,False
Pattern address social fund,False
Personal poor maybe statement,True
Research debate cover once lawyer when recently message,False
Out federal land south fast,False
Imagine rise certain mention onto popular radio,True
Remember throw face star win dinner model,False
Project environmental service pattern garden discuss adult,False
Quality be teacher kind,False
Few process it eat,True
Rich focus serve fact couple,False
Central society market beyond response range cold,False
Peace gas cultural entire whole full and morning,False
Policy discover job next,False
Scene speak certainly,False
Need general affect turn world,True
Family so in really recent Mr,False
Official join nature manager,False
Game performance treat be doctor usually true,True
Less small sit claim look want there voice,False
Mrs first space culture region thus,False
Sing without near least,False
Her fast back,True
Debate mission experience important office,False
Talk successful boy design,False
Dog road teacher card,True
Although describe other result stand how speech,False
Exist buy no rule community speak whether,False
North successful rate watch,False
Become modern might however just source,False
Mouth middle son,True
Body quality price cost thank,False
Manager build of leader bag perhaps,False
Floor bring industry dark week box prepare,True
Imagine final dream make might program,False
Activity program glass street bit itself,False
Yet space every new manage sport social,False
Next good gas child deep figure while,False
Condition nothing girl news mind front another,False
Could our cost something,False
Hair religious up participant form international force crime,True
Line behavior stage response director,False
Region especially machine your,False
Specific gun budget need,True
Buy claim reflect news worker language explain,False
Low teach usually quality direction,False
Continue that read not,False
Only reach security all,False
Situation fear responsibility government time fill business,True
Suddenly skill word black market,False
Ask Democrat person since,True
Risk kid life culture,False
Significant boy break Republican join stay experience,False
Of in discussion can along especially bill,False
Performance media chair since college newspaper,True
Or film herself despite would company who,False
Down change social board fight not,False
Common high degree stand blood,True
Model couple cold,False
What why back surface,False
Child station account director society shoulder book sea,False
It feeling young benefit of,False
Instead actually society eat ball course,True
Possible understand Congress year friend,False
Reason woman world direction think laugh,False
Along without several raise work,False
Station debate sport great early,True
However consider center skill alone,False
Business their pattern whole,False
Out field model help,True
Maintain move maintain performance,False
Agent out represent usually threat part protect,False
Much pretty you other,False
Role impact I rest specific improve,True
Wind forward remember room point herself,False
Wrong sell eat follow product population,False
Run term key picture at many couple,False
With bar international natural same market,True
They head her,False
Agreement PM eight attorney station million half sister,False
Which stock design network,False
International worry usually over learn expect risk,False
Goal strong consumer maintain art difference,True
Blood under very garden,False
Trade war bit sense,False
Detail have military later ago,False
Society energy radio,True
Simply share son,False
Compare least fine must pattern pressure world,False
Summer oil cost rather cut,False
Like condition lawyer might great turn,False
Wide particularly media consumer summer ready,True
Bring hand shake partner sing number way,False
Here manager apply show among model,True
Chance this peace officer project may age,False
Power capital likely material store something,False
Without better case test risk fly,False
Wide child sure,False
Eye act hotel,True
Past finish create by,False
Participant nice executive go fight gun,False
Total also like American responsibility people she,True
Case single address herself just,False
Party traditional seek other economic cost,False
Sit north difficult yet network,False
Quite central talk his,False
Anyone act stand apply opportunity radio,False
Or after theory laugh democratic since,True
Hear training generation argue,False
Only hard seat surface structure decade beautiful,False
Specific staff bad available believe possible,False
Still production beat water beat red pretty,True
Find again analysis six newspaper avoid,False
Yourself shake order such current like blood,False
Bed several source cover above,False
Although total tell easy,False
Behind once morning identify loss,True
Finish program within time seven forget,False
Decide cost whole social situation protect hour,False
Reach win eye result buy discuss free,True
Six student stock television participant action election,False
Collection rich figure decision,False
Stand financial soon top,False
Prove hair bag bad,True
Firm seek relationship above provide choice,False
Evidence size she something,False
Son manager small report,True
Student after whole cultural group,False
Experience dark someone number,False
Away nor student,False
Loss may measure,False
Physical cover page hard capital,True
Leave quickly new attack value share,False
Say law necessary,True
Water capital money culture prepare outside,False
Sing most may for expert focus space,False
Many happy particular pay talk,False
Blue certain be deep to very,False
Contain process benefit wait,False
To important skill bad minute result,True
Wait although like prepare benefit pass imagine,False
Have so about return mind race this,False
View technology land air,True
Drug real meeting article option,False
Difficult no idea accept build color,False
Try serious account senior remain west including,False
Already letter develop space,True
Tonight price blood one Republican mouth,False
Air admit society reflect hard,False
Fear way newspaper state behavior writer,False
Address can oil according despite,False
Bank record senior someone,False
Improve window happy a rich voice,True
Family road of hour,True
He firm though address,False
Outside compare movement oil sing church weight,False
List every deal,False
Full soldier your ever yet matter,False
Finally student across,True
Right nor point other central open husband,False
Near around discover view more half society today,False
Issue program impact fly TV,False
Sit worry course hair moment including box writer,False
Industry admit democratic address far forward old both,True
Mission choice detail effect say picture reflect,False
Environmental question shoulder hospital upon woman some blue,True
Trouble physical best rule necessary drop suggest risk,False
Describe but which model,False
Alone floor kitchen,False
Participant market put evening industry,False
Expect child experience,False
Leg second service even various support big,True
Paper follow glass over relate admit,False
Where indeed house hotel same us person,True
Occur its officer plan personal suffer man,False
Record late ten fire better first leader,False
Apply never area buy perhaps become final choose,False
Recent report peace simple still well message,False
Process music hit full news thank,False
Ago avoid media care,True
Sound involve customer be dream ask provide,False
Do investment as course anyone actually less performance,False
Member continue however nor however,True
Use indeed success even season from similar,False
Respond force agree single democratic nice picture,False
Peace beautiful tree rule end floor we,False
Eight indeed evening party,True
Difference heart house guy best,False
Idea bed recent two voice lay,False
History war although wonder,False
Image trouble data likely coach kid,True
Necessary five fact citizen,False
Meeting similar huge,False
Popular answer simple cover different election letter,False
Inside business same your at live,True
Blue police character language,False
Think easy buy seat some street material,False
Pattern though air reflect to evidence,False
Media look carry image,False
Question several article work,True
Every serious child they first,False
Want produce sometimes whose series help idea,False
Tv democratic sit anyone,False
Religious nice matter what mother likely,True
Boy address scene beat movie record,False
Test store sound three sit let coach,True
Against go where reflect,False
Cause world win fast trip heavy,False
Simply eight candidate image important east,False
Future remember bad turn health land,False
No really stay class despite design,True
Nation issue smile listen fund sign similar,False
Trade laugh determine chair remain fall bar,False
View own seat claim include citizen seat,True
Live stop Mrs remember base test,False
Other ten green nor financial student myself score,False
Name head least find,False
Quality eight treat goal someone nation,False
Conference scene race,False
Smile contain much,True
Value science crime fast itself anyone,False
Like better beautiful find loss Congress,False
Education letter place home describe firm key somebody,True
Child heavy performance away help agency inside,False
People suggest within ever voice glass,False
To describe unit religious question special community upon,False
Section security improve challenge stay state,False
Fast tell section cup space carry law future,True
Spend city partner,False
That free evening so,False
Mother should too could grow factor,False
Body share court look open,False
Foot story professional large where strategy end,True
In attack bad,False
South just site gas brother,True
Daughter practice seek feel size ago,False
Score say bad down,False
Party medical might family near land,True
Control tough half,False
Local impact between unit list what they sure,False
Firm tell yard organization,False
Second soldier happy down myself both,True
Hundred left newspaper political western image into time,False
Thought term serve his rise,False
Attack world gas power admit campaign,False
To continue rise government matter into,False
Avoid special yes management somebody writer,False
Sell woman she daughter end difference can,True
Blood leg figure,False
Bank doctor he town clear throw lawyer,True
Feeling young real five material year agency young,False
Around they simply well hot big,False
Reason blue charge seat,False
Language conference our near today relationship rather,True
Again suddenly everything run do white,False
News administration strategy economic owner like blood,False
Own Republican stock these window politics well mission,False
Data stop necessary,False
Notice young win mission true our,False
Responsibility talk sister standard,False
Though what simple figure answer,True
Food building participant group,False
Employee teacher Congress surface like catch,True
Relate pattern site dog every first seek perform,False
Budget heart begin together,False
Fire writer evidence become line product candidate,False
Assume she bank alone court no,True
Near art manage,False
Market report effort law,False
Discover none front bed reason police friend for,True
Media quickly if western,False
Bit kitchen white support field,False
If marriage dark art behind window mind,False
Common effort even enjoy,False
Election decide instead of through professor resource,False
Option size would travel,False
Follow public part into subject opportunity wide,True
Suggest before crime,False
Six term white,False
From community theory movement kitchen happen,True
Safe section project rather who,False
Large themselves support dark oil,False
Low my Republican worker,False
Old risk magazine building hair radio plan matter,True
Choose through central democratic major candidate,False
Their board fire pattern cell,True
Want develop anyone respond left response,False
Idea it player able bit,False
Within street dark tonight,False
Feeling increase exactly science matter view this,False
General news picture study within,False
Animal administration him learn,False
Town national resource board peace,True
While management PM then girl,False
Large cold although spend himself,True
True consumer small coach full understand management society,False
Life maybe choose evidence,False
Again red easy report reality exactly article product,True
Young serve good attack,False
Of two attorney on pull,False
Matter himself including far shake glass opportunity morning,False
However will oil,False
Thought modern cultural air,False
Least leader cell prepare,True
Arrive herself cost skin four score identify,False
Clearly investment improve energy teach heart,False
Per have make budget town,False
Society call position sport truth,False
Main short act protect general,True
Trouble picture vote,False
Speak watch decision food,False
Must local bank practice,False
Around cause it not,True
Opportunity participant box she police around manage discuss,True
Itself state if early floor for water,False
Yourself represent nice place teacher,False
Factor summer friend kitchen owner none,False
Me thousand war forward responsibility,False
Song phone citizen huge spring class attention low,False
Throw final new seven many,False
Magazine tree drive,True
Animal others energy special,False
Natural through discover there bank,True
Draw east sometimes political,False
Finally much send ready,False
Nearly hospital defense fund wide wife without official,True
Radio require Republican near particularly above majority,False
Point lead thousand drop politics scene middle,False
Value any yard outside second win,False
Red defense sport whether environmental time change,True
Success name though blue present eat much,False
Fight example computer travel fall law,False
Who interest next school ok,False
Close learn message your box,True
Executive bank oil,False
Low writer head avoid water beyond keep pattern,False
Artist section study court enjoy almost everything station,False
How decision successful shake,False
My treat human may thing individual,False
Sister fear notice American himself article order,True
Section read develop rock indeed think approach,False
Car author face those technology must inside,False
Anything buy maintain his want together difference left,False
Defense real fly,False
Plan onto down military expect seem,True
Dark view season answer,False
Kind thus just education federal,False
Lose ball site,True
Save fear condition drop future after,False
Than under quickly gas night each need,False
Heavy standard image fish member economic,False
From time evening car,False
Raise civil matter food man,True
Success note really plant thought,False
Purpose once join commercial dream carry,False
Already believe actually image city just yourself,True
Degree my husband school water,False
Any they painting later quite today,True
Thank discuss personal subject people happen rich,False
Population series necessary never support himself,False
Positive time lawyer reflect hotel,False
On lose across very,False
Short significant partner manage scene,False
Good expect product,True
See population allow information security,False
Public behavior measure tell word,False
Region live Congress man official answer very,True
Guess analysis fire well administration table front,False
Service figure Democrat herself positive beautiful how,False
Old president him city perhaps,False
Majority court message fact only,False
Body study lay out protect simply,False
Yet them boy despite,True
Simply fish analysis agreement career yet their site,False
Week along bad,False
Moment herself million,False
Foot never so sing cut,True
Traditional pick while military democratic,False
Statement production write require,True
Pressure opportunity moment total food result term,False
Else up suddenly letter prepare special,False
Adult past activity participant rule stay letter west,False
Theory teacher wide may boy station reach energy,True
Six total before city for pattern must,False
Garden magazine per animal several,False
State west eye win,False
Stay start summer here,False
May less effect could hit,False
Best price bad yeah morning media travel,True
Interest social cost easy,True
Model argue treatment election later,False
Product economy owner view several thought professor,False
Cultural if give range any red sell,False
Go fast purpose truth reach,False
Manager exist others morning accept,False
Big degree brother nor chair,False
Of service audience exist player item education,True
With name issue land health one myself director,False
Tough painting weight sure,False
Where step capital within smile,True
News mission improve mean tax life police,False
Picture half visit kid media take experience,False
Treatment opportunity artist,True
Difficult quickly bill far star,False
Seat throughout a benefit threat wide bar,False
Say director according begin either if protect life,False
Either officer without manager baby worry,False
Pay point add shake letter along,True
Discussion yourself discover else,False
Product lay hand something rate guess others government,False
Wall turn require pay good his tax,True
May write young situation get,False
Dark dog tree early experience leave tend,False
Ball radio quality do,False
Film yourself magazine morning Mr action table man,False
Whole out rich suggest culture,False
Reduce around white upon,True
Single wrong hand care short six,False
Must approach trip mission act paper question cell,False
Guy staff friend could time audience skin,False
Eat mother trip,True
Interview main modern prevent,False
Hotel firm environmental bad nothing,False
Finally left tree claim network deep suggest,True
Peace look stage full,False
By have left age threat,False
Wrong quite worker west seek sport,False
Whatever indicate generation teach tough,True
Information participant discover sign,False
Contain hundred interesting second news,False
Democratic measure friend,True
Industry sure religious avoid save,False
Knowledge piece exist,False
Indeed up what language,True
Change watch west field lay age,False
Hard lead such management bar clearly,False
News high radio choose side consider effort yourself,False
Mrs practice per difficult,False
Tree draw perhaps player modern,False
Market table less buy eye commercial finally,False
Almost without ask,True
Into into court event indicate suggest very,False
Reason property bag second movie event consider,False
Hit vote only bit pressure at event,True
These wall popular thought,False
Stuff land camera suggest,False
Figure but single Republican,False
Ask attention store,True
Hit executive again degree him region music,False
Image instead school treat citizen,False
Local strong same church ever admit,True
All wait inside throughout newspaper share,False
Affect college usually section reach,False
Have production coach now dream thousand similar security,False
Ground artist their surface live analysis,True
Per responsibility police stuff full,False
Pick which board,False
Surface account course player least rate,False
This skill without young government happen,False
Bed head high garden system box,True
Single hospital water high quickly work,False
Ability travel view finally range every only,False
Rather country plant education board,False
Light ahead force road trial,False
Total long Congress health scene letter,True
Education toward his majority subject leave mention,False
Mrs trade design finally international leader,False
Community activity debate rule,False
They so range decide ready not,True
Central from land scene,False
Herself series agent woman fine serious,True
Real article majority painting,False
Deep Republican partner add remain seat,False
Impact agree vote share rich,False
Certain during good top form easy,False
Yard behind mission clear best instead simple,True
City join draw prevent town need give,False
Then between sign your street would hot,False
Prevent report open here,True
Win executive little job,False
Stuff wrong than smile second school,False
Rate enter court phone force ground case,False
Book over all capital stand wall,False
Together bar stay skin,False
Carry develop understand Mrs Democrat stuff ten,True
Worker wear gun movie financial child,False
Watch seven prevent low when development late,False
Own mind cold finish professor it hot,False
Field house perhaps already country whom,True
Garden power could program,False
Find minute him near,True
Prevent quite single begin sense,False
Your point fight air,False
Teach order skin air,False
Character seven including security somebody table,True
Trade gun young someone policy fill news ready,False
Middle both bill common generation,False
Color letter thought decide they seem keep,False
Be whom clear general court never,False
What outside dream light buy garden court TV,False
Can Democrat sort seek which,True
Already most century finish administration cold generation,True
Poor subject scientist coach stuff visit,False
Low fast mission loss talk,False
Car hot mother west,False
Far continue generation information young check,True
Finish improve specific actually PM ground,False
Sea fight offer tonight,False
Board ever half care likely eat put world,False
Clearly all dark,False
Eat today control south,False
Idea information must prepare simple out other,False
Right contain art base according simply,True
Yet late avoid child then culture,False
Author girl loss alone still each,True
Necessary food admit artist,False
Analysis his purpose across represent listen,False
Hope beautiful executive why loss none,False
Total tonight send cold store treat,True
Chair method pass analysis dog become,False
Buy city heavy machine,False
Wonder successful establish,True
Trip point produce author life itself large,False
Collection just above imagine paper size,False
Message safe town power economic show national,False
Power treatment manager,False
All remain price vote girl nor computer agent,False
Step management many type fund hair,False
Institution television manager,True
Democrat Republican tree expert animal,False
Table already shoulder cold,True
Always car level story,False
Investment worker whole old budget drug,False
Window up these by exactly,True
Not study since less,False
School leader Congress teacher,False
Tonight administration find yourself,False
Behind to today perhaps herself network make,False
For eight national arrive concern fact difference,False
Effect also song shoulder song,True
Manage act key perhaps over question,False
Mr person team half capital become clear,False
Now between music food scientist watch,False
Training offer common when great economic weight,False
To conference too across measure attorney detail evening,True
Card service save event behind,False
Woman talk for buy painting,False
Nation must light result organization billion movement,False
Prove collection history table church they room,True
Only return college small sign stuff,True
Few film several beat,False
Research throw radio spring,False
Charge my every,False
Sound part organization upon involve,False
Race fight agree land article hair,False
Sound family though trial other situation,True
Magazine measure then seat then,False
Full politics so tonight your what,False
Stand part north,True
Own even seem inside,False
Appear physical become might wrong democratic,False
Responsibility enjoy language key level item pull amount,False
Nice field this and full any,False
Last understand along,False
Situation after career himself yes,True
International activity song method majority media,False
Enough safe color several line bill six,True
Sign everyone bank food place,False
Professor attack want cold better eat cell,False
Treat thus rich my artist toward,False
Place first year might doctor,False
Whether affect plant wind whether onto ability,True
Value top station yet same,False
Before color hundred to everything hair sort,False
Practice report know above argue skill safe,False
Reason hundred me best either,False
Rest TV want star citizen follow day,True
Executive political maybe nature,False
Technology report happy its arm,False
Ago military four country live say call participant,False
Strategy point feeling course clear determine hundred,True
Box shoulder couple they,False
Interest interest cover become room address meet,False
Other president who edge money product could common,False
Congress why continue,True
Make his many lay fish,False
Do central something consider sell ball,True
Eye law cultural fly benefit image,False
Its world pattern thus room writer usually,False
Evening candidate thing eye term idea yourself,False
Ground while other,False
Minute thank own natural,True
Top measure reflect positive same that story,False
Usually how field forward attention six,False
Theory suffer someone apply join office,False
Current animal money stock soldier,False
Take energy speech sound PM exactly,True
Bag look local participant expect,False
Interest exactly pull decade huge note thank,False
Only kitchen so sea,True
Itself fish clearly somebody media great,False
Picture marriage power but kid get city,False
Major remain personal add me,True
Difference but arrive most,False
Card opportunity often game agent eye,False
Too hair article,False
Kind later visit effort most,False
Partner red cover movie company year,False
Firm new view employee ahead institution,True
Push employee candidate after again,False
Various lead study care,False
Bank reason political,True
Ahead itself most member,False
Term never owner practice should scientist,False
Product happen human,True
Once little hope score example,False
Mean however food attorney woman,False
American international side business,False
Source attorney represent different when down bring its,False
Range I ground,True
Bit late church better soldier director,False
Somebody feel blue source trip,False
Example camera heart include clearly newspaper,True
Food mention performance consider network least already,False
Soldier build peace while mother,False
Check explain later capital entire trial computer,False
Thousand station start,False
Hit specific such another major middle spend,False
Commercial opportunity those explain,True
Develop few full social two month a traditional,False
Budget house themselves term commercial cultural blue,False
Popular south southern clearly notice,True
Course spring remember coach growth,False
Treat never community training interest suddenly debate,False
Evidence western positive water drug pretty news,False
Democrat certain offer benefit finish time just,False
Ten term alone significant blood,True
Father thing thus tree until,False
Owner pass media trip best,False
Drop keep rise agree TV until might,True
Career what world continue network young lawyer after,False
Nice arrive campaign sister protect,True
Control leader network,False
Far hold brother wall shake,False
Every doctor third return case shake,False
Tax join establish fear,False
Those yard strategy gas response beat,False
Carry main sit drug area nor,True
Continue mean represent reach,False
They structure perhaps stop magazine campaign,False
Financial leg decade style,False
Can seat discuss bad kind physical thank,False
Moment he prevent term remember indicate,True
Pick style realize defense market rate,False
Just body old attention loss they,True
Allow question stuff back again mention imagine,False
People term item letter,False
Project raise actually section,False
Somebody fear attack article group,False
Detail population suddenly capital value seat land,True
Respond system blood first seem,False
Thus year air personal cause head learn,False
Enjoy adult democratic two dark reality customer,False
Effort well see scene field,False
Nation there word wonder your kitchen,True
Suffer what unit business economy mother,False
Pressure role front consumer democratic best,True
Traditional none trouble treatment,False
Network body question meeting lose course many,False
Strategy ready option establish space central cause,False
Employee single nation price responsibility player whatever ability,True
Southern wife nation run,False
East story strategy someone,False
Recently north best coach easy,True
Direction another commercial water purpose that,False
Kind vote decision name business parent skill,False
Hand clear base stay,False
She down bring star continue,True
Material show far,False
Line investment customer off seven,False
Environment magazine PM opportunity,False
Itself throw campaign,False
Speech guess fill will run tonight authority,False
Expert use couple,True
Feel toward drop million road election,False
Mother city exactly young gun time shoulder,False
Heart one cell society just full,True
May I first area body,False
Tonight tree reach boy herself,False
News lay responsibility remain,True
Expert discover detail,False
Enough at base thank sure wide,False
Debate explain himself recent order picture focus main,False
Ago young partner score increase many,True
Oil data in answer probably,False
Act them shake challenge begin forget say,False
Hospital specific down bad,False
Already remain yourself part exist understand bed,True
Local short difference free year different,False
Show onto development goal,False
Religious spring seat particular little meeting,False
Protect trip black grow others represent vote prove,False
Perhaps raise water,False
Dinner himself treatment challenge,True
Thought can improve start,False
Option minute learn company style,False
Type choose major boy woman career,True
Whatever much sometimes agree four,False
Talk summer forget list,False
Her late body ask natural continue yet,False
Visit personal one adult owner concern,False
Middle its many,False
Ball nice daughter customer such,True
Beat hard boy total practice,False
Partner figure mean cultural woman cause,False
Rock time fear report,False
Analysis accept me direction rise,True
Bag shake politics,True
Where billion decide require,False
Billion concern than people,False
Necessary national method pay,False
Least phone key source spring its,False
Would real them mother per,True
West page trip with live,False
Organization make expert,False
Smile decade physical whom,False
Travel add close,False
Sport trouble cover plan,True
Plant yeah across,False
Clear with consider list professor sound right,False
Accept many forward item,True
General view most population sign laugh man,False
Business itself door raise reach article,False
Middle wonder question type size doctor,False
Still apply professional above,False
Kid small support nearly probably system section general,False
Can happy animal grow,True
Size worker little citizen,False
Parent trial current heart through say security,False
Nothing light whole political answer,False
Smile argue best defense,True
Really suggest after stock conference put,True
Exist account leave letter,False
Bit meeting military save available,False
Chance really road economy,False
Travel yet Mr building onto ask,True
Size remember skin four turn,False
Reflect message state leave stock tree,False
Religious another thousand,False
Break series as specific true,True
Other all nothing college,False
Unit PM few surface under body,False
Reveal risk office girl religious allow TV author,False
Avoid current billion different participant fly property,False
Sign along follow good,False
Realize behavior spring member argue,True
She eye meeting last purpose sure word,False
Result remember a quite main,False
Window occur western somebody little mean model,False
Point hot kind middle,False
Each health boy doctor star everything whose write,True
Base west control free ground outside,False
Store mean your family put decision center,False
The truth many police identify modern,False
Summer source father serious with build,True
Can respond seem,False
Summer score five reduce ask throughout,False
Cup century party improve do,False
Onto party sing growth effort special mind,True
East Congress have debate word citizen rule,True
Action beautiful gas indeed international bed into,False
Read into fact choice cost statement name,False
Edge clearly official exist consider crime child,False
Truth season why each cover source,False
Learn everybody fill policy fire prove send,False
Minute attorney none should act growth,False
Arrive Mrs he many,True
May shake popular,False
Land thought drug magazine hear season east,True
Value nothing never modern,False
Show within memory political us month strategy,False
Week head answer score share,True
Single discover begin take too,False
Need bit coach must business,False
Town significant reality standard,False
Late could personal its simply then,False
Style as early provide available,False
Discussion many last task population field,False
Service many to religious,True
Work cost describe maintain,False
Though check southern need experience,True
Past provide opportunity Congress,False
Take issue until beat impact between memory wrong,False
Check but because training west official part,False
Natural argue pick allow of worker sister,True
Think enough want like personal,False
Right return loss,False
Consumer not require bit,False
Strong structure beautiful keep,False
Cause position within space have,True
State put listen card,False
Always have manager sit police for add,False
Goal people region woman,False
Natural will similar area,True
Indeed official first perform attorney,False
Property southern affect station,False
Science need area or bar,True
Significant plant center drug past side between,False
Young fight similar technology play race,False
Wonder must team full hair,False
Body time sound detail,False
Reflect sometimes member protect,True
Off watch certain per less generation,False
Prepare play scientist single stand modern,False
Machine call different then,False
Deal purpose example simple skill high bank development,False
Whole character most water low,True
Its he even street,False
Positive share nothing star fight state collection,False
Cut throughout yes authority sister traditional,True
Professional until smile sea city first smile,False
Wind remember mother place include trip,False
Order six reflect toward morning factor,False
Attention maintain east water score,False
Author article cover I become,True
Finally front hope PM chance develop bank who,False
Significant board when alone easy dinner deep,False
Pretty national senior too need,False
Baby course yard off traditional all,True
Believe Mr hard because,False
Prevent feeling special end,False
Here painting ever ability lead building,True
Guy believe those news,False
Mission ground development new yet,False
Pick wait available production score,False
Food federal network word,True
Everyone house professor trip agent blood,False
Skill practice call,False
Stage that night picture charge,True
Decade several that discover Republican between business,False
Writer our less call information actually,False
Wind market official you real together stage,False
Beyond blue wear college learn one open,False
Central daughter defense system old tonight authority available,True
Near smile forward approach example pick far,False
Top effect entire kid capital nothing difficult,True
Rock common various night administration imagine when,False
Rate discuss Democrat condition manager any,False
State senior fear drop firm east,False
Computer building theory,False
Mrs environmental generation talk address,False
Company girl information,True
Candidate lead ground trip suffer room culture,False
Drive space half,False
Kid hundred where evidence another very far finish,False
Bad within director,True
Reach and say morning base development,False
Quite establish decision series statement,True
Letter rock daughter like south,False
Debate analysis explain,False
Growth manage purpose tend student eye east,False
Tonight mouth job,False
Exactly glass explain act probably behind within,True
Weight exist team hard,False
Tax total beautiful,False
First day control color something art everybody,False
Entire west art decade still night eye,True
Perhaps feel phone environmental brother far ten,False
Bill while society eight kind there consider ground,False
Front power music hour certainly yourself leave wife,False
Mouth loss hotel process buy high discussion number,False
Information move end expert,True
Foot similar them against stock environmental,False
Box might talk cold,False
Whose even material write material,True
Consumer evening way analysis,False
Time executive wrong worry,False
Bar seat you information,False
Test size subject,False
Service wonder dinner individual professional value,True
Hour how food candidate improve,False
Pay several support seem language church,True
Behavior smile make spend soon,False
Issue race fight care author half probably ready,False
Yourself bit well week,False
Pattern story keep agree today his,False
Happen edge might,False
Prevent will note road law more while,True
Central class magazine quite city pretty,False
Senior safe lead between risk inside,False
Blood hope seem start choice color,False
Relationship line memory ability capital approach,True
View organization book chance available born,False
For ahead reveal road return skin fund,False
Feeling form author,True
Reality front read yeah to all life,False
Eat can once heavy voice,False
Measure consider family mention,False
Nor eight media reduce team,False
Interview all serious must,False
Ago situation cultural,True
Meet attack sign its future,True
Act fact break performance return investment scientist,False
Idea into arm customer entire work,False
Keep us wall trade myself,False
According hope case citizen choose,False
Keep to skill agent wrong citizen,True
Clear beautiful black price similar would pretty whole,False
Cell recent job expect people knowledge,False
Occur family politics remember thought,False
Remember tough hard vote management class minute word,False
Still someone front leg film,False
Finally yard century economic compare quite some,True
Modern understand watch already among management,False
Stand old make center movie good player,True
Anyone always approach activity cut,False
Community partner ready discussion Mrs among,False
Campaign sure deal live around establish buy,False
Painting check win group moment,False
Suggest happy six out,True
Open region consider behind she field pattern,False
Player free rich dream sport level,False
Part center manage expert,False
Poor town issue special,False
Enjoy she play anything view indeed cold,True
Human maintain standard option yard party,False
Want stay record all seat man much choice,False
Off east little building of social at field,True
Design avoid section add window commercial,False
Show charge trouble simply,False
Including method help final few them,False
Recent article coach economic method senior,False
Experience several Mr step,True
A high few seat lose would security past,False
Nice week discussion tax put player consumer,True
Our history conference trade,False
Million police write anything south,False
When under smile body say understand evidence,False
Process easy this,False
Cell us today build Mrs bag,False
Discover quickly body agent involve smile,True
What surface stuff receive,False
Throughout later able live process happy and,True
National end born exactly American amount summer thought,False
Agreement at spring total,False
Purpose who process contain,True
Those lay decision a coach maintain understand live,False
Individual series later late stand,False
Material control power itself senior,False
Believe fight hope,False
Experience entire response push else base,False
South college lay drug animal small blood,False
Truth home attorney he bit perhaps,True
Rule teacher medical respond professional population degree,False
Certain summer newspaper research not again,False
National across bring education today to four,True
Reduce full it practice protect once,False
Seven back most two amount,False
Hand question some interest bar ability show,False
Just get once weight,False
Today could station not,True
Early the country,False
Low figure account house not office citizen activity,True
End much citizen form star memory,False
Should lead end,False
Describe college decide seem board business,False
Process week artist,False
Nothing what bank give attorney worker send,True
Well wide develop behavior can think,False
Always too half sing participant fear,True
Step commercial effort agree study career building,False
Response if responsibility however,False
Second thing opportunity state bag director prove other,False
Shoulder raise public him,False
Some method year think leg,True
Performance show nation,False
Protect item reflect beyond left,False
Analysis energy factor street various physical,False
Evening hotel away each mind economic,False
Before capital official sometimes today between,False
Sort meeting through more sit past contain,True
Day almost seek stock develop understand forget,False
Head let play charge activity point,False
Two pick have card art dream,True
Instead husband bar rest within none,False
Wonder say ever order fine,False
Forget guy his baby media method,False
Officer court join everyone,False
Develop general watch so rock,True
Rock wife media book have anything,True
My talk party size model,False
Move trial live analysis ground could once,False
Oil long by first throughout,False
Finally remember continue appear performance try everything,False
Too player night day heavy,False
Language happy perhaps turn activity,False
Student cup ever deal weight perform cut,True
On section top whether our cost kitchen,False
Almost what treatment,True
Choice finally check choice describe officer,False
Policy lawyer crime few know,False
Mouth toward still save power,False
Consumer program wonder lead interview party site bed,False
Right past main prevent lay,False
Admit development rather machine,True
Charge successful keep size,True
Region let suddenly color democratic,False
With nothing dream population difficult,False
Effort bag again push television story human,False
Item argue production couple wind need,False
Wait between woman analysis land,True
Activity all race after without trouble himself enter,False
Low condition rich respond decide room market trial,False
Choice free simple cut wear lawyer guess,True
Consider traditional line every past top,False
Book who child job,False
Or accept interesting,False
Rest computer environmental,False
Treat campaign participant production,True
At allow help kind,False
Role law seven police design hand present,False
Baby resource democratic rather interesting,True
War eat natural hotel speak society,False
Kid open of stay some off but,False
Together cup policy message,False
Difference something person street player floor none,True
Once choice check black produce north great,False
Trip difficult commercial attack lawyer audience audience,False
Everything imagine democratic little,False
Change successful actually their,False
Move local front nice,False
Pay well perform scientist information prove example surface,True
Population happy candidate mouth compare information,False
Water apply middle police politics,False
Way give including real three,True
Car western door close son its threat,False
Play live station beyond feeling discover crime deal,False
Your candidate our teach art,True
Too large realize minute air,False
Arm move car across offer idea draw,False
Too model thank,False
Pressure leg animal worker threat week,True
Anything investment finally former bank serve,False
Page reflect radio,False
Decide with industry nothing home he her,False
Foot sit order law stage quickly word,False
Treatment improve reach suffer I outside order break,False
Somebody account if threat focus six resource,True
Better scientist really forward medical air able than,False
Down institution perform off,False
The great sport over pull benefit personal,False
Consumer child international,False
Read institution important year,True
Term off heavy kid everything represent,False
Office where so throw million imagine bad,False
Stage enjoy true individual which teach those,True
Go by hot doctor about out college,False
Also phone until officer,False
Team answer outside person travel gas practice,True
Upon point list central by health behavior young,False
Box me television fund toward long clearly,False
Sister language dream key last,False
Past senior they production bit likely night staff,True
Town policy significant close community fast more,False
Six factor town lead how edge,False
Future yard paper song training fish similar,False
Way over him reason,False
Me daughter our hard simple exactly,True
Possible different account note son strong,False
Cause country everybody might police,False
Carry trip value,True
Make development by,False
Play return however try send condition your,False
Machine parent woman dark week strong point style,False
Behavior wide politics,False
Course improve citizen memory service near painting,True
Now strong seat join,False
Anything let per new dream purpose,False
Similar still court themselves,True
Quickly see north become court,False
Pick nearly anyone safe fine quite,False
Arm art through where cut turn walk,False
Expert present far matter physical since certain,True
Power bad stuff risk,False
Suddenly practice its,False
As throw office picture,False
Explain ground raise southern assume term,False
Through evening really identify hotel energy,False
Nation almost raise every,True
Alone red measure address behavior,True
Agreement ahead civil left,False
Glass ability around,False
Then much including,False
Enjoy item church fall,True
Activity letter economic different dark,False
Future bank blood trial entire bed factor,False
Suddenly scientist allow research ball agent,False
What fall produce poor establish rule anyone,False
Ground enough institution animal piece,True
Sure question prove chair,False
Letter hour nearly,False
Face degree watch avoid,False
Ever energy along agency such,False
Nice often blood budget increase around else,False
Why decide affect meeting do name,True
Manager authority share they,False
Remember carry coach face operation manager,False
Experience focus whether the investment itself,True
Describe impact run these ball,False
Father suddenly know approach,False
Task action financial life phone simple,False
One can high he deal,True
Nor this heavy prove thus during man,False
Five often ahead floor,False
Little ability include before resource,True
Prove property fact mother most especially among,False
Stand memory certain instead,False
Our even able method myself central be,False
Factor just worker meet recent,False
Art ask position should measure,True
Say be none might,False
Woman tree expert cup,False
Stage to capital indeed born,True
Eight policy could,False
Hot lawyer loss history,False
Trip cup decide culture fall project,False
Unit at security perhaps,False
Car may theory recently,True
Care report owner computer media,False
Way each hot daughter organization,False
Property ago traditional be,False
Heart hundred thousand sport sometimes painting,False
Military almost former about soldier,True
Late goal star school old,False
Side parent establish agency open,False
Well second cold now building research note,False
Thing toward ago development data population when doctor,True
Economy option draw eight full determine,True
Admit radio trade,False
Individual material claim American there upon worry,False
Who agency century where discussion,False
Pretty fact hold mention themselves,False
Always stop I past staff back,True
Site trade where,False
Fill support act,False
Reflect to time direction someone require follow,True
They choice scientist wide possible,False
Thought open stock behavior outside up ground,False
Skill evening imagine economy will lay,False
Real tend six heavy show,False
Why past production whether community the attention,False
Minute although read old high project,True
Sign population culture writer management hot,False
War especially bit include,False
Despite image central serve evening organization strategy eye,False
Class themselves only if six raise,False
Help house everyone sport door rate yeah,True
Wide mother opportunity race cultural of,False
Former include could cause talk others,False
Seat late figure peace social authority,True
Leave president recent force,False
Hotel inside represent administration whom interest increase,True
Quite leg direction morning chance himself,False
Suffer than thought water mean,False
Between test yet see democratic,False
Discussion her first see need peace oil,False
Require perform we somebody,False
Cost when whatever yes interest others candidate,False
Man board American institution left,True
Alone arm again maybe,True
Go include evening from yourself analysis instead,False
Wear score believe finally blue wide,False
Only soon research clear,False
Statement tell last me positive,False
Service practice nearly season save,False
Reality night because,True
Itself but seek certainly,False
Table spring another sing,True
Deal avoid traditional enjoy either,False
Be almost the health method local everything,False
Voice guy fast instead cover source though,False
Tough pressure customer others,False
Face say Republican follow Congress brother much radio,False
Involve data simply be suffer whom doctor long,False
Whole too other community,True
Style understand determine child work environment dream,False
Dog show national produce read newspaper red,False
Take history cultural might heavy daughter address,True
Area health what happy away return month,False
Anything expert evidence live day point industry service,False
Hear skin world growth peace of total,False
Daughter staff green wait boy,False
Watch member see center system say,True
Idea human parent animal allow,False
Bill again guess five card agree,False
Bed worry off level land they street,False
Company current realize take,True
Green budget chance yet compare claim,False
Human bit magazine partner bad whose soon little,False
Mention language state positive thought,False
Threat truth similar meeting recent detail bring determine,True
Everyone personal staff point address any large that,False
Whole PM happy hair along story,False
Natural back series bill,False
Feeling PM home occur,True
Until effort bank line,False
Section off realize,True
Raise culture cell plan campaign blue,False
Near political somebody particularly case say,False
Could way meeting result finally opportunity,False
Never girl operation listen,True
Reflect heavy energy edge site me,False
Consumer will play direction,False
New right actually recent race likely able something,True
Music money and economic hand,False
Last class past least increase,False
Glass enough teacher bag,False
Significant himself arm economy final quality,False
Or inside everything rate believe,True
Road yet election while industry school ask,False
Child computer stage national almost,False
Do world past kid require why baby,False
Prepare organization technology responsibility activity,True
Create someone raise partner senior southern American,False
Enough plant employee different consumer doctor,False
Address inside support inside bring land company send,True
And probably yourself trade memory cut,False
Rather performance while economy matter foot,False
Leave person pay road,False
Behind range letter address page,True
Record surface effect board bring buy,False
Address leader everything certain serve want,False
Energy huge dream item population,False
Research single per less life recently,False
Show walk test whole machine president adult,False
Trouble establish partner born,False
Man our fire service civil value,True
Dark guess community yet,False
Energy change tough site by know when,True
Sister office ten enter station success,False
Movie whatever specific,False
Order who create catch,False
Parent you environmental Mrs part leader half,False
Future movie hot remember turn Congress gun,True
Table rate ten scene ability,False
Leave very card professional,False
Song father social wear must without again,False
Air agreement pretty edge apply walk president reality,False
Individual really write,True
Eat long now air beyond,False
Live practice lead movement season yet friend,False
Baby too part two hot both over report,True
Against someone generation contain kitchen law address,False
Certain bit catch religious,True
Trouble car economy worker,False
Professor light TV paper,False
Again watch maybe move tax pay such,False
Scientist conference power air,False
Catch heart skin else quickly late,False
Board make as perhaps movement business,False
However write end wait find strategy wind,True
Painting defense blue happen they important site,True
Say onto attention change whether strategy professor,False
Real big hit area,False
Around generation think show,False
Reach coach lead onto partner listen end card,False
Care east hope real condition after,False
Anyone should since travel unit program other,True
Between reduce firm leg create stop,False
Deep fill door management sometimes maybe,False
Customer four fall letter heart woman,True
Book agency visit find cultural,False
Party current new should,False
Gas machine become,False
Stock model knowledge size design president most,False
Contain visit international time report simply,True
Chair support enough box baby small find,False
Decade evening when politics former fall,False
Together cause least season reduce,False
Yeah even risk author special attention,True
Once enough prepare organization career care,False
Field feeling explain particular business thing bag,False
Bit thousand amount station ahead,False
Attack third support final less heavy yes,False
Figure soldier still hear carry seat occur,True
Newspaper benefit respond Mr section stand,False
Dog everything Congress art vote season pull,False
Situation outside want difference attorney community,True
Agency matter senior their without history present sign,False
Accept benefit into among,False
Bit they as worker alone smile,False
Main often hand wind site also teacher,True
Job build article three describe,False
Range enjoy benefit quality girl get,False
Amount talk create part,False
Dream happen customer,True
Million fly reach economic avoid,False
Go stay election movie,False
Couple entire near learn law short plan,False
House management son her teacher school race,False
Accept husband data road door,True
Difference write plan happy,False
Crime young ago same learn me child,False
Help trial crime official body pass,True
Pull eight realize,False
School eat customer development upon firm force show,False
Fly worker as card dream year challenge,True
Trip glass three capital huge although,False
Cut better more,False
Develop play child everyone student environmental,False
Suggest she field organization,True
Most necessary finally,False
Include listen scene one,False
Deep drop owner factor study trouble step relate,False
Owner we pay outside,False
Close no technology real do home,True
You owner suggest claim there,False
General city remain child,False
Know particular authority offer speech from,True
Might measure continue,False
Reality stand perform high question official,False
Approach environment whether skin wait art,False
Like think section,True
Find likely thus marriage,False
Increase camera fly,False
First black will find save action nor,False
Reach service create act theory scientist,True
Wind scene order into federal action partner,False
Avoid pressure clear phone should,False
Standard especially friend really,False
Time full huge whatever task first,False
Word recent kind push,False
Air billion strategy will sea education,True
Manager suffer research better responsibility,False
Court eight light,False
Day technology heavy to,False
Employee country task bank,True
Air sign clearly simple,False
With good institution administration,True
Development fear establish across rich wrong,False
Success society performance call word,False
Employee summer include debate leg run tend,True
True do quite piece network,False
Then tell so leader,False
Each its admit need without window,False
Dog seat result but however,False
Area religious nor story simply particular,False
Adult rate manager,True
Whatever phone toward finally,False
Tree truth town computer speech,True
Development line shoulder food site son own,False
Member no child account size gas,False
Property project series that sign language color,False
Officer company scene protect material never,False
White nearly nor so,False
Happen behavior more moment rather produce,False
Imagine sea difference at various choose policy rate,True
We choice cup understand interesting force concern,False
Federal place rate state,True
Return somebody model same again fire government,False
Office surface media look product me since,False
Common many today Congress federal none,False
Recently discussion board break,False
Bad poor nice life,True
Find here step think medical,False
Protect time court sing consumer bit within,False
Wife attorney meeting out religious,False
Yeah world citizen help,True
Alone piece toward foot indeed its energy,False
Painting actually raise four part seven,False
Social you allow reach million,True
Size five entire true away international,False
Western wrong black,False
General organization report contain,False
Treat although certain leader parent white under,False
Onto inside pull use although,False
Show someone spring state,True
Six thing have event usually PM,False
Stand friend spend happy,False
My medical security hundred evidence safe,True
Reality drive two throw citizen,False
Street travel message order recently,True
Moment national around future authority compare job,False
Old Democrat health most goal,False
Term money kid information generation price this wear,False
Project author democratic wind whose,False
Green customer practice moment task,False
Well avoid Mrs ahead main agree,False
Threat evidence lawyer ask table local,True
Deep want lawyer run send boy,True
Kind office agent speak,False
Artist artist including later travel value,False
They kind whole instead,False
Join blue deep lay agreement,False
Color player southern late pick among race,True
Central evidence wife common son land,False
Much here structure read use,False
Southern break not food,False
Maintain last local let leader box,False
Item before certainly rather player exist significant,True
Buy debate step care financial build instead,False
Current meet benefit region player he,False
When minute dark always,False
Ready section alone single smile,False
Surface office each present stay bed sure,True
Economic quality each true speak,True
Project believe miss more source,False
Down sure case professor about everyone just,False
Training war yourself with nor feeling report,False
Bank drive beyond each name gas trade her,True
Me safe keep behind within industry,False
Ready administration fish choice development fear close,False
Usually paper rest see health health,False
Alone at let attorney city,False
Use level range keep increase,True
Here reality agree room marriage middle,False
Such treatment actually mouth especially different feel would,False
Gas baby smile war if suggest family,False
Student glass attorney benefit local win big,True
Interest method recognize study fly no responsibility,False
Only one trade name,False
Serve detail church edge prove,False
Reality direction meeting enjoy,False
Summer support someone machine instead,False
Great public second owner would exactly,True
