name,email
Melanie Rowe,doughertybeverly@example.com
Sheryl Richardson,mbrown@example.com
Corey Berry,marcus61@example.net
Tiffany Ashley,andersonjerry@example.com
Ryan Wilcox,bryantlisa@example.org
James Ramirez,amyroberts@example.org
Javier Ortega,zramirez@example.net
Ashley Martin,hooperjack@example.net
David Love,sharon90@example.net
Doris King,emilyhall@example.com
Teresa Brandt,salascatherine@example.org
Anthony Dodson,fhoward@example.net
Stephanie Avery,donaldsonluke@example.org
Wesley Mason,david29@example.com
Erin Chavez DDS,hunterjacob@example.org
Joshua Good,charles54@example.com
Christopher Brown,fjohnson@example.org
James Dougherty,kathleen97@example.net
Scott Adkins,petercamacho@example.com
Kevin Vaughn,andersonnicholas@example.org
Mrs. Christine Lopez,alan72@example.org
Nancy George,griffinisaiah@example.org
Ashley Miller,richardperez@example.net
Valerie Ramos,robert11@example.com
Albert Perez,carrie07@example.com
Michael Stanley,janet27@example.com
Lynn Williams,sara16@example.org
James Wagner,christina18@example.net
Mark Roberts,hernandezstephen@example.org
Linda Crosby,maria48@example.org
Mark Blankenship,kelly41@example.net
Sergio Johnson,elizabethgilmore@example.net
Jade Caldwell,ryandavid@example.com
Matthew Reese,fkeith@example.org
Darren Cruz,reyesdarius@example.org
Michele Baker,francisdiamond@example.org
Brenda Patel,alison28@example.net
Cheryl Smith,currycody@example.net
Renee Quinn,tracypitts@example.org
Austin Martin,cookemily@example.net
Latoya Houston,william24@example.org
Laura Martinez,deniseanderson@example.net
Matthew Martin Jr.,smithjohn@example.org
Mr. Robert Clark,halljoel@example.com
Chelsea Chen,justingarner@example.com
Paula Hooper DVM,allisonjohnathan@example.net
Adrian Patterson,christopher49@example.org
Jonathan Miller,ernest12@example.com
Laurie Graham,butlerthomas@example.com
Claudia Mason,wintersryan@example.org
Jennifer Rivera,april83@example.net
Michelle Berg,alyssaavila@example.com
Samantha Chapman,trevorellis@example.org
Benjamin Harvey,justin72@example.com
Denise Ross,pschmidt@example.com
Christopher Greene,rdavis@example.com
Leslie Frazier,brandy82@example.com
Dorothy Chase,dcox@example.org
Amy Fernandez,floresmelissa@example.org
Meghan Stone,hessryan@example.com
Tanya Carlson,tylerhall@example.org
Tamara Warren,terrydouglas@example.org
Herbert Reyes,katrinamunoz@example.com
Jonathan Brown,elizabeth17@example.net
Marcus Hartman,econner@example.org
Christopher Butler,crystalhernandez@example.com
Denise Brown,pmcintosh@example.net
Kim Rodriguez,steven98@example.org
Joseph Jones,ydurham@example.com
David Powers,carlos33@example.net
Michael Smith,dbuckley@example.net
Gregory Conley,iwebb@example.org
Jill Howard,shaun68@example.org
John Smith II,bradshawtiffany@example.net
Sara Olson,cfloyd@example.org
Deanna Sanders,tguerrero@example.com
Cindy Howell,pmiller@example.com
Heather Lane,janet07@example.org
Natalie Romero,calderonbrenda@example.net
Kenneth Delgado,figueroachristian@example.net
Melissa Austin,matthewhouston@example.org
Linda Mccoy,mcoleman@example.net
Jennifer Carpenter,rking@example.net
Erica Lopez,nclark@example.org
Susan Morgan,tuckertimothy@example.org
Dylan Stanley,alexanderkristen@example.net
Tony Allison,maxwellangela@example.net
Melissa Fox,andre62@example.org
Jenna Jones,kimberlycarpenter@example.net
Molly Stuart,stephenmueller@example.net
Emily Taylor,amyfry@example.com
Phillip Daniel,rachel48@example.com
Kimberly Brown,calderonsteven@example.org
John Monroe,nicholaswyatt@example.com
Dennis Lewis,leslie49@example.com
Mr. Nathan Silva,bphillips@example.org
Jessica Porter,andrewmoore@example.org
Brandi Lee,jonesmegan@example.com
Lawrence Mcdonald,brian87@example.com
Michael Joyce,sheriroy@example.org
